Identity,Members
acc_gs,acc-gen_gs
acc-gen_gs,acc-super_gs
br_gs,br-gen_gs
br-gen_gs,br-super_gs
disp_gs,disp-gen_gs
disp-gen_gs,disp-super_gs
eng_gs,eng-gen_gs
eng-gen_gs,eng-super_gs
hr_gs,hr-gen_gs
hr-gen_gs,hr-super_gs
it_gs,it-gen_gs
it-gen_gs,it-super_gs
mnt_gs,mnt-gen_gs
mnt-gen_gs,mnt-super_gs
mkt_gs,mkt-gen_gs
mkt-gen_gs,mkt-super_gs
ops_gs,ops-gen_gs
ops-gen_gs,ops-super_gs
pkg_gs,pkg-gen_gs
pkg-gen_gs,pkg-super_gs
sf_gs,sf-gen_gs
sf-gen_gs,sf-super_gs
sa_gs,sa-gen_gs
sa-gen_gs,sa-super_gs
wh_gs,wh-gen_gs
wh-gen_gs,wh-super_gs
kp_gs,kp-gen_gs
kp-gen_gs,kp-super_gs
